Res.Df,RSS,Df,Sum of Sq,F,Pr(>F)
890,20.339457727465593,NA,NA,NA,NA
885,20.29409141723961,5,0.04536631022598314,0.3956736345031814,0.8519733379660427
