term,estimate,std.error,statistic,p.value
(Intercept),0.2689469492135528,0.07881554790622954,3.4123590631322043,7.346926060827869e-4
targeted_productivity,0.6689556165662998,0.10528421942811012,6.353807058645424,8.010742875233391e-10
smv,-0.0011864515228003259,9.566367459505694e-4,-1.2402320189168556,0.21588185587910186
wip,7.676183445335249e-6,6.741129221729532e-6,1.138708841330565,0.2557547785188195
incentive,5.6268083409465835e-5,4.6481460693698946e-5,1.210548949402822,0.2270439255874591
idle_men,-0.009929245775305238,0.0030338951704589503,-3.272771542005256,0.0011924435786553412
no_of_style_change,-0.028562738723036496,0.024378775885091596,-1.171623171633631,0.242300226974462
