Res.Df,RSS,Df,Sum of Sq,F,Pr(>F)
891,20.447553275949765,NA,NA,NA,NA
885,20.29409141723961,6,0.1534618587101555,1.1153800233953426,0.3512442274400204
