term,estimate,std.error,statistic,p.value
(Intercept),0.2655907741450069,0.0788001458988905,3.370435055866393,8.508092838595934e-4
targeted_productivity,0.6735618990290068,0.1052595451344425,6.399057664259345,6.154571829450925e-10
smv,-8.334962236499888e-4,9.054858045931146e-4,-0.9204961794232934,0.35806819565321135
incentive,5.72506677846549e-5,4.649689139782501e-5,1.2312794697353235,0.21920238149036017
idle_men,-0.009999450729708575,0.003034798624834817,-3.2949305591084617,0.0011049678491884842
no_of_style_change,-0.029771611332399264,0.024367934738600345,-1.2217535729541804,0.22277954030151284
