half,department,count,mean,median,min,max,sd
Half1,finishing,296,0.7616317198040541,0.809602273,0.238041667,1.096633333,0.1823244021190404
Half1,sewing,399,0.7374969751177944,0.799963218,0.233705476,1.100483918,0.15226306090548633
Half2,finishing,210,0.7407145195714285,0.786232099,0.235795455,1.1204375,0.21590497448968268
Half2,sewing,292,0.7008551775342465,0.750068049,0.249416667,1.000457471,0.15595315967084017
